property_id,society,property_type,area_marla,bedrooms,bathrooms,has_electricity,has_gas,has_water,has_security,is_corner,is_park_facing,is_main_boulevard,nearby_school_km,nearby_hospital_km,nearby_market_km,price
PROP-NWL-001,Al-Rehman Garden,residential_plot,5.0,0,0,1,1,1,1,0,0,0,1.2,2.5,0.8,2650000
PROP-NWL-002,Al-Rehman Garden,residential_plot,5.0,0,0,1,1,1,1,1,0,0,1.2,2.5,0.8,2950000
PROP-NWL-003,Al-Rehman Garden,residential_plot,5.0,0,0,1,1,1,1,0,1,0,1.0,2.5,0.8,2880000
PROP-NWL-004,Al-Rehman Garden,residential_plot,10.0,0,0,1,1,1,1,0,0,1,0.9,2.1,0.5,5800000
PROP-NWL-005,Al-Rehman Garden,constructed_house,5.0,3,3,1,1,1,1,0,0,0,1.2,2.5,0.8,8900000
PROP-NWL-006,Al-Rehman Garden,constructed_house,10.0,5,6,1,1,1,1,1,0,1,0.8,2.0,0.5,17500000
PROP-NWL-007,Al-Rehman Garden,commercial_plot,4.0,0,0,1,1,1,1,1,0,1,0.5,1.5,0.2,6800000
PROP-NWL-008,Royal Orchard,residential_plot,5.0,0,0,1,1,1,1,0,0,0,1.8,3.2,1.5,2450000
PROP-NWL-009,Royal Orchard,residential_plot,7.0,0,0,1,1,1,1,1,0,0,1.8,3.2,1.5,3650000
PROP-NWL-010,Royal Orchard,residential_plot,10.0,0,0,1,1,1,1,0,1,0,1.5,3.0,1.2,5100000
PROP-NWL-011,Royal Orchard,constructed_house,5.0,3,3,1,1,1,1,0,0,0,1.8,3.2,1.5,8200000
PROP-NWL-012,Royal Orchard,constructed_house,10.0,4,5,1,1,1,1,0,1,0,1.5,3.0,1.2,15800000
PROP-NWL-013,Royal Orchard,commercial_plot,3.0,0,0,1,1,1,1,1,0,1,0.8,2.0,0.4,4900000
PROP-NWL-014,Model Town,residential_plot,5.0,0,0,1,1,1,1,0,0,0,0.5,1.0,0.3,3100000
PROP-NWL-015,Model Town,residential_plot,10.0,0,0,1,1,1,1,1,0,0,0.5,1.0,0.3,6400000
PROP-NWL-016,Model Town,residential_plot,20.0,0,0,1,1,1,1,0,0,1,0.5,1.0,0.3,13200000
PROP-NWL-017,Model Town,constructed_house,5.0,3,4,1,1,1,1,0,0,0,0.5,1.0,0.3,9800000
PROP-NWL-018,Model Town,constructed_house,10.0,5,5,1,1,1,1,1,1,0,0.5,1.0,0.3,19200000
PROP-NWL-019,Model Town,commercial_plot,4.0,0,0,1,1,1,1,1,0,1,0.3,0.8,0.1,7900000
PROP-NWL-020,Executive City,residential_plot,3.5,0,0,1,0,1,1,0,0,0,2.5,4.0,2.0,1450000
PROP-NWL-021,Executive City,residential_plot,5.0,0,0,1,1,1,1,0,0,0,2.5,4.0,2.0,2100000
PROP-NWL-022,Executive City,residential_plot,10.0,0,0,1,1,1,1,1,0,0,2.0,3.8,1.8,4300000
PROP-NWL-023,Executive City,constructed_house,5.0,3,3,1,1,1,1,0,0,0,2.5,4.0,2.0,7300000
PROP-NWL-024,Executive City,constructed_house,10.0,4,4,1,1,1,1,0,1,0,2.0,3.8,1.8,13800000
PROP-NWL-025,Shakargarh Road,residential_plot,5.0,0,0,1,0,1,0,0,0,0,3.0,5.0,2.5,1850000
PROP-NWL-026,Shakargarh Road,residential_plot,10.0,0,0,1,0,1,0,1,0,0,3.0,5.0,2.5,3800000
PROP-NWL-027,Shakargarh Road,constructed_house,5.0,3,2,1,0,1,0,0,0,0,3.0,5.0,2.5,6400000
PROP-NWL-028,Shakargarh Road,commercial_plot,5.0,0,0,1,0,1,0,1,0,1,1.5,4.0,1.0,5200000
PROP-NWL-029,Zafarwal Road,residential_plot,5.0,0,0,1,1,1,1,0,0,0,1.5,3.0,1.0,2300000
PROP-NWL-030,Zafarwal Road,residential_plot,10.0,0,0,1,1,1,1,1,0,0,1.5,3.0,1.0,4800000
PROP-NWL-031,Zafarwal Road,constructed_house,5.0,3,3,1,1,1,1,0,1,0,1.5,3.0,1.0,7900000
PROP-NWL-032,Zafarwal Road,commercial_plot,4.0,0,0,1,1,1,1,1,0,1,0.8,2.2,0.5,5900000
PROP-NWL-033,Circular Road,residential_plot,5.0,0,0,1,1,1,1,0,0,1,0.6,1.2,0.4,3200000
PROP-NWL-034,Circular Road,constructed_house,7.0,4,4,1,1,1,1,1,0,1,0.6,1.2,0.4,13500000
PROP-NWL-035,Circular Road,commercial_plot,5.0,0,0,1,1,1,1,1,0,1,0.4,1.0,0.2,9500000
PROP-NWL-036,Al-Rehman Garden,residential_plot,3.0,0,0,1,1,1,1,0,0,0,1.2,2.5,0.8,1650000
PROP-NWL-037,Al-Rehman Garden,residential_plot,7.0,0,0,1,1,1,1,0,1,0,1.0,2.5,0.8,3950000
PROP-NWL-038,Al-Rehman Garden,residential_plot,20.0,0,0,1,1,1,1,1,0,1,0.8,2.0,0.5,12200000
PROP-NWL-039,Al-Rehman Garden,constructed_house,3.5,2,2,1,1,1,1,0,0,0,1.2,2.5,0.8,6100000
PROP-NWL-040,Al-Rehman Garden,constructed_house,7.0,4,4,1,1,1,1,0,1,0,1.0,2.5,0.8,12400000
PROP-NWL-041,Royal Orchard,residential_plot,3.0,0,0,1,1,1,1,0,0,0,1.8,3.2,1.5,1500000
PROP-NWL-042,Royal Orchard,residential_plot,20.0,0,0,1,1,1,1,0,1,1,1.5,3.0,1.2,10800000
PROP-NWL-043,Royal Orchard,constructed_house,7.0,4,4,1,1,1,1,1,0,0,1.8,3.2,1.5,11500000
PROP-NWL-044,Model Town,residential_plot,3.0,0,0,1,1,1,1,0,0,0,0.5,1.0,0.3,1950000
PROP-NWL-045,Model Town,residential_plot,7.0,0,0,1,1,1,1,1,1,0,0.5,1.0,0.3,4600000
PROP-NWL-046,Model Town,constructed_house,7.0,4,4,1,1,1,1,0,1,0,0.5,1.0,0.3,14200000
PROP-NWL-047,Model Town,constructed_house,20.0,6,7,1,1,1,1,1,0,1,0.5,1.0,0.3,38000000
PROP-NWL-048,Executive City,residential_plot,7.0,0,0,1,1,1,1,0,0,0,2.5,4.0,2.0,3050000
PROP-NWL-049,Executive City,residential_plot,20.0,0,0,1,1,1,1,1,0,1,2.0,3.8,1.8,8800000
PROP-NWL-050,Executive City,constructed_house,7.0,4,3,1,1,1,1,1,0,0,2.5,4.0,2.0,9900000
